판례일련번호,사건명,사건번호,선고일자,법원명,사건종류명,사건종류코드,판결유형,선고,판례상세링크
233049,"사기·전자금융거래법위반·교통사고처리특례법위반(치상)·도로교통법위반(무면허운전)·도로교통법위반(음주운전)[전동킥보드 음주운전 행위에 대하여 구 도로교통법위반(음주운전)죄로 기소된 사안에서, 재판 진행 중 개정 도로교통법(2020. 6. 9. 법률 제17371호로 개정된 것, 이하 같다)의 시행에 따라 법정형이 종전보다 가벼워진 사안]",2020도16420,2022.12.22,대법원,형사,400102,전원합의체 판결,선고,/DRF/lawService.do?OC=chy2803&target=prec&ID=233049&type=HTML&mobileYn=
234463,사기·주택법위반·전자서명법위반·사문서위조·위조사문서행사·교통사고처리특례법위반(치상)·도로교통법위반(음주운전),2022도3044,2022.06.30,대법원,형사,400102,판결,선고,/DRF/lawService.do?OC=chy2803&target=prec&ID=234463&type=HTML&mobileYn=
222707,도로교통법위반(음주측정거부)·교통사고처리특례법위반·도로교통법위반(무면허운전),2021도14878,2022.06.09,대법원,형사,400102,판결,선고,/DRF/lawService.do?OC=chy2803&target=prec&ID=222707&type=HTML&mobileYn=
232099,교통사고처리특례법위반(치상),2020도17724,2022.04.14,대법원,형사,400102,판결,선고,/DRF/lawService.do?OC=chy2803&target=prec&ID=232099&type=HTML&mobileYn=
234471,사기·주택법위반·전자서명법위반·사문서위조·위조사문서행사·교통사고처리특례법위반(치상)·도로교통법위반(음주운전),2021노2240,2022.02.15,서울남부지방법원,형사,400102,판결,선고,/DRF/lawService.do?OC=chy2803&target=prec&ID=234471&type=HTML&mobileYn=
223463,도로교통법위반(음주측정거부)·교통사고처리특례법위반·도로교통법위반(무면허운전),2021노1048,2021.10.21,창원지방법원,형사,400102,판결,선고,/DRF/lawService.do?OC=chy2803&target=prec&ID=223463&type=HTML&mobileYn=
218707,교통사고처리특례법위반ㆍ도로교통법위반(무면허운전)ㆍ자동차손해배상보장법위반[‘농업기계’가 무면허운전 처벌규정의 적용대상인 ‘자동차’에 해당하는지가 문제된 사건],2017도13182,2021.09.30,대법원,형사,400102,판결,선고,/DRF/lawService.do?OC=chy2803&target=prec&ID=218707&type=HTML&mobileYn=
213111,사기·마약류관리에관한법률위반(향정)·교통사고처리특례법위반(치상)·도로교통법위반·도로교통법위반(무면허운전),2020노1189,2021.01.15,울산지방법원,형사,400102,판결 : 상고,선고,/DRF/lawService.do?OC=chy2803&target=prec&ID=213111&type=HTML&mobileYn=
226675,교통사고처리특례법위반(치상),2020도8675,2020.12.24,대법원,형사,400102,판결,선고,/DRF/lawService.do?OC=chy2803&target=prec&ID=226675&type=HTML&mobileYn=
212833,자동차보험진료수가지급[다른 의료기관으로부터 교통사고로 인한 입원환자들에 대한 진료를 의뢰받아 진료를 실시한 의료기관이 보험회사등을 상대로 직접 자동차손해배상보장법상 자동차보험진료수가의 지급을 청구한 사건],2019다279962,2020.12.10,대법원,민사,400101,판결,선고,/DRF/lawService.do?OC=chy2803&target=prec&ID=212833&type=HTML&mobileYn=
233391,사기·전자금융거래법위반·교통사고처리특례법위반(치상)·도로교통법위반(무면허운전)·도로교통법위반(음주운전),2020노868,2020.11.05,서울서부지방법원,형사,400102,판결,선고,/DRF/lawService.do?OC=chy2803&target=prec&ID=233391&type=HTML&mobileYn=
233407,사기·전자금융거래법위반·교통사고처리특례법위반(치상)·도로교통법위반(무면허운전)·도로교통법위반(음주운전),2020고단770,2020.06.23,서울서부지방법원,형사,400102,판결,선고,/DRF/lawService.do?OC=chy2803&target=prec&ID=233407&type=HTML&mobileYn=
213449,교통사고처리특례법위반(치상),2019노1470,2020.06.11,서울동부지방법원,형사,400102,판결,선고,/DRF/lawService.do?OC=chy2803&target=prec&ID=213449&type=HTML&mobileYn=
226167,폭력행위등처벌에관한법률위반(공동상해)·상법위반·전자금융거래법위반·공전자기록등불실기재·불실기재공전자기록등행사·교통사고처리특례법위반(치상)·도로교통법위반(무면허운전)·범인도피교사,2019도13217,2020.03.02,대법원,형사,400102,판결,선고,/DRF/lawService.do?OC=chy2803&target=prec&ID=226167&type=HTML&mobileYn=
209693,손해배상(자)(교통사고 피해자의 유족들이 가해자와 보험사를 상대로 손해배상을 구하는 사건),2017다280951,2019.09.26,대법원,민사,400101,판결,선고,/DRF/lawService.do?OC=chy2803&target=prec&ID=209693&type=HTML&mobileYn=
210649,교통사고처리특례법위반(치사),2019고단1124,2019.08.14,울산지방법원,형사,400102,판결 : 확정,선고,/DRF/lawService.do?OC=chy2803&target=prec&ID=210649&type=HTML&mobileYn=
208795,손해배상(자)(교통사고로 발생한 장애로 인한 손해배상청구권의 소멸시효의 기산일),2016다1687,2019.07.25,대법원,민사,400101,판결,선고,/DRF/lawService.do?OC=chy2803&target=prec&ID=208795&type=HTML&mobileYn=
207541,손해배상(자)(원고가 교통사고로 말미암은 후유장해로 복합부위통증증후군(CRPS)을 주장하면서 손해배상을 청구하는 사건),2015다8902,2019.05.30,대법원,민사,400101,판결,선고,/DRF/lawService.do?OC=chy2803&target=prec&ID=207541&type=HTML&mobileYn=
204234,교통사고처리특례법위반(치상)·도로교통법위반,2018도14262,2018.12.27,대법원,형사,400102,판결,선고,/DRF/lawService.do?OC=chy2803&target=prec&ID=204234&type=HTML&mobileYn=
206202,교통사고처리특례법위반(치상)·도로교통법위반,2018노1935,2018.08.22,수원지방법원,형사,400102,판결,선고,/DRF/lawService.do?OC=chy2803&target=prec&ID=206202&type=HTML&mobileYn=
204646,교통사고처리특례법위반,2017도12194,2017.12.22,대법원,형사,400102,판결,선고,/DRF/lawService.do?OC=chy2803&target=prec&ID=204646&type=HTML&mobileYn=
204943,교통사고처리특례법위반,2017도9392,2017.11.29,대법원,형사,400102,판결,선고,/DRF/lawService.do?OC=chy2803&target=prec&ID=204943&type=HTML&mobileYn=
193128,교통사고처리특례법위반·도로교통법위반(음주운전),2017도661,2017.09.21,대법원,형사,400102,판결,선고,/DRF/lawService.do?OC=chy2803&target=prec&ID=193128&type=HTML&mobileYn=
185594,유기치사·교통사고처리특례법위반(치사),2017고합146,2017.08.18,광주지방법원,형사,400102,판결 : 항소,선고,/DRF/lawService.do?OC=chy2803&target=prec&ID=185594&type=HTML&mobileYn=
218427,교통사고처리특례법위반ㆍ도로교통법위반(무면허운전)ㆍ자동차손해배상보장법위반,2017노593,2017.08.10,창원지방법원,형사,400102,판결,선고,/DRF/lawService.do?OC=chy2803&target=prec&ID=218427&type=HTML&mobileYn=
185095,살인(예비적죄명:교통사고처리특례법위반)·사기(남편이 보험금을 노리고 교통사고를 내어 아내를 살해하였다고 기소된 사건),2017도1549,2017.05.30,대법원,형사,400102,판결,선고,/DRF/lawService.do?OC=chy2803&target=prec&ID=185095&type=HTML&mobileYn=
184522,교통사고처리특례법위반,2016도17442,2017.03.15,대법원,형사,400102,판결,선고,/DRF/lawService.do?OC=chy2803&target=prec&ID=184522&type=HTML&mobileYn=
184231,교통사고처리특례법위반,2016도18941,2017.01.25,대법원,형사,400102,판결,선고,/DRF/lawService.do?OC=chy2803&target=prec&ID=184231&type=HTML&mobileYn=
192996,살인(예비적죄명:교통사고처리특례법위반)·사기,2015노358,2017.01.13,대전고등법원,형사,400102,판결,선고,/DRF/lawService.do?OC=chy2803&target=prec&ID=192996&type=HTML&mobileYn=
187882,교통사고처리특례법위반,2016노186,2016.10.27,대구지방법원,형사,400102,판결 : 상고,선고,/DRF/lawService.do?OC=chy2803&target=prec&ID=187882&type=HTML&mobileYn=
188537,교통사고처리특례법위반,2015노3482,2016.10.07,의정부지방법원,형사,400102,판결,선고,/DRF/lawService.do?OC=chy2803&target=prec&ID=188537&type=HTML&mobileYn=
188353,교통사고처리특례법위반,2015고정263,2016.01.12,대구지방법원안동지원,형사,400102,판결,선고,/DRF/lawService.do?OC=chy2803&target=prec&ID=188353&type=HTML&mobileYn=
179554,교통사고처리특례법위반,2015도3107,2015.11.12,대법원,형사,400102,판결,선고,/DRF/lawService.do?OC=chy2803&target=prec&ID=179554&type=HTML&mobileYn=
180190,교통사고처리특례법위반·도로교통법위반(음주운전)·도로교통법위반(무면허운전),2013도15031,2015.06.24,대법원,형사,400102,판결,선고,/DRF/lawService.do?OC=chy2803&target=prec&ID=180190&type=HTML&mobileYn=
180182,교통사고처리특례법위반·도로교통법위반,2013도10958,2015.05.28,대법원,형사,400102,판결,선고,/DRF/lawService.do?OC=chy2803&target=prec&ID=180182&type=HTML&mobileYn=
178079,교통사고처리특례법위반,2012도11431,2015.05.14,대법원,형사,400102,판결,선고,/DRF/lawService.do?OC=chy2803&target=prec&ID=178079&type=HTML&mobileYn=
180222,교통사고처리특례법위반·도로교통법위반(무면허운전)·도로교통법위반·자동차손해배상보장법위반,2015도686,2015.04.23,대법원,형사,400102,판결,선고,/DRF/lawService.do?OC=chy2803&target=prec&ID=180222&type=HTML&mobileYn=
182083,교통사고처리특례법위반,2014노3022,2015.02.05,서울중앙지방법원,형사,400102,판결,선고,/DRF/lawService.do?OC=chy2803&target=prec&ID=182083&type=HTML&mobileYn=
178696,교통사고처리특례법위반,2014도3235,2014.08.28,대법원,형사,400102,판결,선고,/DRF/lawService.do?OC=chy2803&target=prec&ID=178696&type=HTML&mobileYn=
172676,교통사고처리특례법위반,2013노3069,2014.01.24,인천지방법원,형사,400102,판결 : 상고,선고,/DRF/lawService.do?OC=chy2803&target=prec&ID=172676&type=HTML&mobileYn=
172081,교통사고처리특례법 위반·자동차손해배상보장법 위반·도로교통법 위반(무면허운전),2013도6608,2013.12.12,대법원,형사,400102,판결,선고,/DRF/lawService.do?OC=chy2803&target=prec&ID=172081&type=HTML&mobileYn=
174107,교통사고처리특례법위반,2012도568,2013.09.26,대법원,형사,400102,판결,선고,/DRF/lawService.do?OC=chy2803&target=prec&ID=174107&type=HTML&mobileYn=
170896,교통사고처리특례법 위반·도로교통법 위반(음주측정 거부)·도로교통법 위반·자동차손해배상보장법 위반,2012고합182,2013.06.13,대전지방법원서산지원,형사,400102,판결 : 항소,선고,/DRF/lawService.do?OC=chy2803&target=prec&ID=170896&type=HTML&mobileYn=
172872,교통사고처리특례법위반·자동차손해배상보장법위반·도로교통법위반(무면허운전)·도로교통법위반,2013노195,2013.05.15,청주지방법원,형사,400102,판결,선고,/DRF/lawService.do?OC=chy2803&target=prec&ID=172872&type=HTML&mobileYn=
172860,교통사고처리특례법위반·자동차손해배상보장법위반·도로교통법위반(무면허운전)·도로교통법위반,2012고단2363,2013.02.19,청주지방법원,형사,400102,판결,선고,/DRF/lawService.do?OC=chy2803&target=prec&ID=172860&type=HTML&mobileYn=
166375,교통사고처리특례법 위반,2011도6273,2012.10.25,대법원,형사,400102,판결,선고,/DRF/lawService.do?OC=chy2803&target=prec&ID=166375&type=HTML&mobileYn=
166206,마약류관리에 관한 법률 위반(향정)·교통사고처리특례법 위반,2012노291,2012.07.05,서울고등법원,형사,400102,판결 : 확정,선고,/DRF/lawService.do?OC=chy2803&target=prec&ID=166206&type=HTML&mobileYn=
158446,교통사고 처리 특례법 위반,2011노938,2011.09.23,부산지방법원,형사,400102,판결 : 상고,선고,/DRF/lawService.do?OC=chy2803&target=prec&ID=158446&type=HTML&mobileYn=
157119,교통사고 처리 특례법 위반,2011도3970,2011.07.28,대법원,형사,400102,판결,선고,/DRF/lawService.do?OC=chy2803&target=prec&ID=157119&type=HTML&mobileYn=
157116,교통사고처리 특례법 위반,2009도8222,2011.07.28,대법원,형사,400102,판결,선고,/DRF/lawService.do?OC=chy2803&target=prec&ID=157116&type=HTML&mobileYn=
157097,교통사고 처리 특례법 위반,2011도3630,2011.07.28,대법원,형사,400102,판결,선고,/DRF/lawService.do?OC=chy2803&target=prec&ID=157097&type=HTML&mobileYn=
153092,특정범죄가중처벌등에관한법률위반(영리약취·유인등)·아동·청소년의성보호에관한법률위반(강간등)·교통사고처리특례법위반·도로교통법위반(음주운전)·도로교통법위반(무면허운전)·공전자기록등불실기재·불실기재공전자기록등행사·부착명령,2011노573,2011.05.26,서울고등법원,형사,400102,판결 : 상고,선고,/DRF/lawService.do?OC=chy2803&target=prec&ID=153092&type=HTML&mobileYn=
149733,교통사고처리특례법위반,2009도12671,2011.04.28,대법원,형사,400102,판결,선고,/DRF/lawService.do?OC=chy2803&target=prec&ID=149733&type=HTML&mobileYn=
167741,교통사고처리특례법 위반,2011노322,2011.04.28,서울동부지방법원,형사,400102,판결,선고,/DRF/lawService.do?OC=chy2803&target=prec&ID=167741&type=HTML&mobileYn=
158734,교통사고 처리 특례법 위반,2010노3070,2011.03.18,대전지방법원,형사,400102,판결,선고,/DRF/lawService.do?OC=chy2803&target=prec&ID=158734&type=HTML&mobileYn=
157599,특정 범죄 가중 처벌등에 관한 법률 위반(도주 차량)(인정된 죄명:교통사고 처리 특례법 위반)·도로교통법 위반(사고후 미조치)·도로교통법 위반(음주 운전),2010도16027,2011.03.10,대법원,형사,400102,판결,선고,/DRF/lawService.do?OC=chy2803&target=prec&ID=157599&type=HTML&mobileYn=
158613,교통사고 처리 특례법 위반,2010노2883,2011.02.24,대전지방법원,형사,400102,판결,선고,/DRF/lawService.do?OC=chy2803&target=prec&ID=158613&type=HTML&mobileYn=
158732,교통사고 처리 특례법 위반,2010고단3073,2010.12.09,대전지방법원,형사,400102,판결,선고,/DRF/lawService.do?OC=chy2803&target=prec&ID=158732&type=HTML&mobileYn=
158731,교통사고 처리 특례법 위반,2009고단1947,2010.11.15,대전지방법원,형사,400102,판결,선고,/DRF/lawService.do?OC=chy2803&target=prec&ID=158731&type=HTML&mobileYn=
145247,교통사고처리특례법위반,2010도1911,2010.07.22,대법원,형사,400102,판결,선고,/DRF/lawService.do?OC=chy2803&target=prec&ID=145247&type=HTML&mobileYn=
167763,장사 등에 관한 법률 위반·농지법 위반·교통사고처리특례법 위반,2009노2174,2010.04.09,창원지방법원,형사,400102,판결,선고,/DRF/lawService.do?OC=chy2803&target=prec&ID=167763&type=HTML&mobileYn=
145411,교통사고처리특례법위반,2008노6114,2010.01.21,수원지방법원,형사,400102,판결,선고,/DRF/lawService.do?OC=chy2803&target=prec&ID=145411&type=HTML&mobileYn=
143623,교통사고처리특례법위반,2009도9812,2010.01.14,대법원,형사,400102,판결,선고,/DRF/lawService.do?OC=chy2803&target=prec&ID=143623&type=HTML&mobileYn=
209160,폭력행위등처벌에관한법률위반(집단·흉기등재물손괴등)·폭력행위등처벌에관한법률위반(공동협박)·업무방해·교통사고처리특례법위반·도로교통법위반·자동차손해배상보장법위반·도로교통법위반(무면허운전),2009도10340,2009.10.29,대법원,형사,400102,판결,선고,/DRF/lawService.do?OC=chy2803&target=prec&ID=209160&type=HTML&mobileYn=
149922,교통사고처리특례법위반,2009노939,2009.10.28,청주지방법원,형사,400102,판결,선고,/DRF/lawService.do?OC=chy2803&target=prec&ID=149922&type=HTML&mobileYn=
139132,재판의집행에관한이의·교통사고처리특례법위반등,2009초기451,2009.08.12,청주지방법원,형사,400102,결정 : 재항고,자,/DRF/lawService.do?OC=chy2803&target=prec&ID=139132&type=HTML&mobileYn=
158616,교통사고 처리 특례법 위반,2009노1873,2009.07.31,인천지방법원,형사,400102,판결,선고,/DRF/lawService.do?OC=chy2803&target=prec&ID=158616&type=HTML&mobileYn=
141523,특정범죄가중처벌등에관한법률위반(도주차량)(인정된죄명:교통사고처리특례법위반),2008도8627,2009.06.11,대법원,형사,400102,판결,선고,/DRF/lawService.do?OC=chy2803&target=prec&ID=141523&type=HTML&mobileYn=
138579,교통사고처리특례법위반,2009고단1879,2009.06.10,부산지방법원,형사,400102,판결 : 항소,선고,/DRF/lawService.do?OC=chy2803&target=prec&ID=138579&type=HTML&mobileYn=
158697,교통사고 처리 특례법 위반,2008고단6383,2009.05.28,인천지방법원,형사,400102,판결,선고,/DRF/lawService.do?OC=chy2803&target=prec&ID=158697&type=HTML&mobileYn=
136188,특정범죄가중처벌등에관한법률위반(위험운전치사상)(인정된죄명:교통사고처리특례법위반)·도로교통법위반(음주운전),2009고정2,2009.05.21,창원지방법원,형사,400102,판결 : 항소,선고,/DRF/lawService.do?OC=chy2803&target=prec&ID=136188&type=HTML&mobileYn=
148075,교통사고처리특례법위반,2007도9598,2009.05.14,대법원,형사,400102,판결,선고,/DRF/lawService.do?OC=chy2803&target=prec&ID=148075&type=HTML&mobileYn=
145392,교통사고처리특례법위반,2008고단1490,2008.12.17,수원지방법원,형사,400102,판결,선고,/DRF/lawService.do?OC=chy2803&target=prec&ID=145392&type=HTML&mobileYn=
125031,특정범죄가중처벌등에관한법률위반(위험운전치사상)·교통사고처리특례법위반·도로교통법위반(음주운전)·도로교통법위반(무면허운전),2008도9182,2008.12.11,대법원,형사,400102,판결,선고,/DRF/lawService.do?OC=chy2803&target=prec&ID=125031&type=HTML&mobileYn=
192736,특정범죄가중처벌등에관한법률위반(위험운전치사상)·교통사고처리특례법위반·도로교통법위반(음주운전)·도로교통법위반(무면허운전),2008노2915,2008.10.02,서울중앙지방법원,형사,400102,판결,선고,/DRF/lawService.do?OC=chy2803&target=prec&ID=192736&type=HTML&mobileYn=
85829,교통사고처리특례법위반·도로교통법위반(음주운전),2008도5531,2008.08.21,대법원,형사,400102,판결,선고,/DRF/lawService.do?OC=chy2803&target=prec&ID=85829&type=HTML&mobileYn=
85728,교통사고처리특례법위반,2008도2092,2008.06.12,대법원,형사,400102,판결,선고,/DRF/lawService.do?OC=chy2803&target=prec&ID=85728&type=HTML&mobileYn=
64973,교통사고처리특례법위반·도로교통법위반(음주운전),2008노1424,2008.06.12,서울중앙지방법원,형사,400102,판결,선고,/DRF/lawService.do?OC=chy2803&target=prec&ID=64973&type=HTML&mobileYn=
85726,교통사고처리특례법위반,2007도5389,2008.06.12,대법원,형사,400102,판결,선고,/DRF/lawService.do?OC=chy2803&target=prec&ID=85726&type=HTML&mobileYn=
71045,교통사고처리특례법위반,2007고단4674,2008.03.28,대구지방법원,형사,400102,판결 : 확정,선고,/DRF/lawService.do?OC=chy2803&target=prec&ID=71045&type=HTML&mobileYn=
79038,교통사고처리특례법위반,2007노799,2008.02.15,전주지방법원,형사,400102,판결,선고,/DRF/lawService.do?OC=chy2803&target=prec&ID=79038&type=HTML&mobileYn=
136404,교통사고처리특례법위반,2007노1189,2007.11.01,서울서부지방법원,형사,400102,판결,선고,/DRF/lawService.do?OC=chy2803&target=prec&ID=136404&type=HTML&mobileYn=
85380,교통사고처리특례법위반,2005도8822,2007.10.26,대법원,형사,400102,판결,선고,/DRF/lawService.do?OC=chy2803&target=prec&ID=85380&type=HTML&mobileYn=
133639,특정범죄가중처벌등에관한법률위반(도주차량){인정된죄명:교통사고처리특례법위반·도로교통법위반(음주운전)·도로교통법위반},2007도1738,2007.10.11,대법원,형사,400102,판결,선고,/DRF/lawService.do?OC=chy2803&target=prec&ID=133639&type=HTML&mobileYn=
153072,특정범죄가중처벌등에관한법률위반(도주차량){인정된죄명:교통사고처리특례법위반}ㆍ도로교통법위반ㆍ도로교통법위반(음주운전),2005도4459,2007.09.06,대법원,형사,400102,판결,선고,/DRF/lawService.do?OC=chy2803&target=prec&ID=153072&type=HTML&mobileYn=
78692,강도치상(인정된죄명:절도·상해)·특수강도·도로교통법위반(무면허운전)·사기·교통사고처리특례법위반,2007노193,2007.08.23,대구고등법원,형사,400102,판결,선고,/DRF/lawService.do?OC=chy2803&target=prec&ID=78692&type=HTML&mobileYn=
68885,교통사고처리특례법위반·도로교통법위반(음주운전)·도로교통법위반(무면허운전),2007도4484,2007.07.27,대법원,형사,400102,판결,선고,/DRF/lawService.do?OC=chy2803&target=prec&ID=68885&type=HTML&mobileYn=
220759,교통사고처리특례법위반,2007노187,2007.06.19,서울서부지방법원,형사,400102,판결,선고,/DRF/lawService.do?OC=chy2803&target=prec&ID=220759&type=HTML&mobileYn=
68720,교통사고처리특례법위반,2007도2330,2007.05.31,대법원,형사,400102,판결,선고,/DRF/lawService.do?OC=chy2803&target=prec&ID=68720&type=HTML&mobileYn=
167573,특정범죄가중처벌 등에 관한 법률 위반(도주차량)(인정된 죄명: 교통사고처리특례법 위반),2007도2085,2007.05.10,대법원,형사,400102,판결,선고,/DRF/lawService.do?OC=chy2803&target=prec&ID=167573&type=HTML&mobileYn=
78700,강도치상·특수강도·도로교통법위반(무면허운전)·사기·교통사고처리특례법위반,2006고합880,2007.05.02,대구지방법원,형사,400102,판결,선고,/DRF/lawService.do?OC=chy2803&target=prec&ID=78700&type=HTML&mobileYn=
68639,교통사고처리특례법위반,2007도1808,2007.04.26,대법원,형사,400102,판결,선고,/DRF/lawService.do?OC=chy2803&target=prec&ID=68639&type=HTML&mobileYn=
68632,교통사고처리특례법위반,2006도9216,2007.04.26,대법원,형사,400102,판결,선고,/DRF/lawService.do?OC=chy2803&target=prec&ID=68632&type=HTML&mobileYn=
85039,특정범죄가중처벌등에관한법률위반(도주차량)(인정된죄명:교통사고처리특례법위반),2007도828,2007.04.12,대법원,형사,400102,판결,선고,/DRF/lawService.do?OC=chy2803&target=prec&ID=85039&type=HTML&mobileYn=
85037,교통사고처리특례법위반,2006도4322,2007.04.12,대법원,형사,400102,판결,선고,/DRF/lawService.do?OC=chy2803&target=prec&ID=85037&type=HTML&mobileYn=
186629,특정범죄가중처벌등에관한법률위반(도주차량)·교통사고처리특례법위반·도로교통법위반·도로교통법위반(무면허운전),2006노2898,2007.03.28,대구지방법원,형사,400102,판결 : 상고,선고,/DRF/lawService.do?OC=chy2803&target=prec&ID=186629&type=HTML&mobileYn=
70724,교통사고처리특례법위반·도로교통법위반(음주운전),2006노1642,2007.03.22,광주지방법원,형사,400102,판결 : 상고,선고,/DRF/lawService.do?OC=chy2803&target=prec&ID=70724&type=HTML&mobileYn=
70720,교통사고처리특례법위반,2006고정4418,2007.03.06,대구지방법원,형사,400102,판결 : 확정,선고,/DRF/lawService.do?OC=chy2803&target=prec&ID=70720&type=HTML&mobileYn=
78563,특정범죄가중처벌등에관한법률위반(도주차량)(인정된죄명:교통사고처리특례법위반)·도로교통법위반(음주운전)·도로교통법위반,2006노3431,2007.02.07,대구지방법원,형사,400102,판결,선고,/DRF/lawService.do?OC=chy2803&target=prec&ID=78563&type=HTML&mobileYn=
70675,교통사고처리특례법위반,2006고단1346,2007.01.11,서울서부지방법원,형사,400102,판결 : 항소,선고,/DRF/lawService.do?OC=chy2803&target=prec&ID=70675&type=HTML&mobileYn=
78225,특정범죄가중처벌등에관한법률위반(도주차량)(인정된죄명:교통사고처리특례법위반),2006노757,2007.01.10,대구지방법원,형사,400102,판결,선고,/DRF/lawService.do?OC=chy2803&target=prec&ID=78225&type=HTML&mobileYn=
68211,교통사고처리특례법위반·도로교통법위반(무면허운전)·도로교통법위반(음주운전),2006도4891,2006.10.13,대법원,형사,400102,판결,선고,/DRF/lawService.do?OC=chy2803&target=prec&ID=68211&type=HTML&mobileYn=
78223,교통사고처리특례법위반,2006노514,2006.06.09,인천지방법원,형사,400102,판결,선고,/DRF/lawService.do?OC=chy2803&target=prec&ID=78223&type=HTML&mobileYn=
216211,교통사고처리특례법위반·도로교통법위반,2005도798,2006.05.11,대법원,형사,400102,판결,선고,/DRF/lawService.do?OC=chy2803&target=prec&ID=216211&type=HTML&mobileYn=
67854,특정범죄가중처벌등에관한법률위반(도주차량)(인정된죄명:교통사고처리특례법위반),2005도8264,2006.01.26,대법원,형사,400102,판결,선고,/DRF/lawService.do?OC=chy2803&target=prec&ID=67854&type=HTML&mobileYn=
70267,도로교통법위반(음주운전)·교통사고처리특례법위반,2005고정765,2005.12.14,부산지방법원동부지원,형사,400102,판결 : 항소,선고,/DRF/lawService.do?OC=chy2803&target=prec&ID=70267&type=HTML&mobileYn=
78597,교통사고처리특례법위반,2005노486,2005.10.27,광주지방법원,형사,400102,판결,선고,/DRF/lawService.do?OC=chy2803&target=prec&ID=78597&type=HTML&mobileYn=
67727,특정범죄가중처벌등에관한법률위반(도주차량){인정된죄명:교통사고처리특례법위반}·도로교통법위반,2005도4383,2005.09.30,대법원,형사,400102,판결,선고,/DRF/lawService.do?OC=chy2803&target=prec&ID=67727&type=HTML&mobileYn=
145530,특정범죄가중처벌등에관한법률위반(도주차량)(인정된죄명:교통사고처리특례법위반)·도로교통법위반·도로교통법위반(음주운전),2005도4046,2005.09.29,대법원,형사,400102,판결,선고,/DRF/lawService.do?OC=chy2803&target=prec&ID=145530&type=HTML&mobileYn=
83989,교통사고처리특례법위반,2004도5848,2005.07.28,대법원,형사,400102,판결,선고,/DRF/lawService.do?OC=chy2803&target=prec&ID=83989&type=HTML&mobileYn=
67641,교통사고처리특례법위반·도로교통법위반(음주운전),2005도3298,2005.07.14,대법원,형사,400102,판결,선고,/DRF/lawService.do?OC=chy2803&target=prec&ID=67641&type=HTML&mobileYn=
77353,사기·교통사고처리특례법위반·유가증권위조(변경된죄명:유가증권변조)·위조유가증권행사(변경된죄명:변조유가증권행사),2005노396,2005.06.16,서울동부지방법원,형사,400102,판결,선고,/DRF/lawService.do?OC=chy2803&target=prec&ID=77353&type=HTML&mobileYn=
67526,특정범죄가중처벌등에관한법률위반(도주차량)(인정된 죄명 : 교통사고처리특례법위반)·      도로교통법위반,2005도790,2005.04.14,대법원,형사,400102,판결,선고,/DRF/lawService.do?OC=chy2803&target=prec&ID=67526&type=HTML&mobileYn=
77369,사기·교통사고처리특례법위반·유가증권위조(인정된죄명:유가증권변조)·위조유가증권행사(인정된죄명:변조유가증권행사),2004고단3166,2005.04.08,서울동부지방법원,형사,400102,판결,선고,/DRF/lawService.do?OC=chy2803&target=prec&ID=77369&type=HTML&mobileYn=
70025,교통사고처리특례법위반·도로교통법위반,2004고정1480,2005.03.23,부산지방법원동부지원,형사,400102,판결: 항소,선고,/DRF/lawService.do?OC=chy2803&target=prec&ID=70025&type=HTML&mobileYn=
78604,교통사고처리특례법위반,2005고단20,2005.02.17,광주지방법원,형사,400102,판결,선고,/DRF/lawService.do?OC=chy2803&target=prec&ID=78604&type=HTML&mobileYn=
77592,교통사고처리특례법위반·도로교통법위반,2004노1878,2005.01.13,의정부지방법원,형사,400102,판결,선고,/DRF/lawService.do?OC=chy2803&target=prec&ID=77592&type=HTML&mobileYn=
83593,교통사고처리특례법위반,2004도4693,2004.11.26,대법원,형사,400102,판결,선고,/DRF/lawService.do?OC=chy2803&target=prec&ID=83593&type=HTML&mobileYn=
83566,도로교통법위반(음주운전)·도로교통법위반(무면허운전)·교통사고처리특례법위반,2004도6784,2004.11.11,대법원,형사,400102,판결,선고,/DRF/lawService.do?OC=chy2803&target=prec&ID=83566&type=HTML&mobileYn=
77601,교통사고처리특례법위반·도로교통법위반,2004고단1525,2004.11.03,의정부지방법원고양지원,형사,400102,판결,선고,/DRF/lawService.do?OC=chy2803&target=prec&ID=77601&type=HTML&mobileYn=
67308,교통사고처리특례법위반,2004도2551,2004.07.09,대법원,형사,400102,판결,선고,/DRF/lawService.do?OC=chy2803&target=prec&ID=67308&type=HTML&mobileYn=
83367,특정범죄가중처벌등에관한법률위반(도주차량)·교통사고처리특례법위반·도로교통법위반(음주운전),2004도2116,2004.07.09,대법원,형사,400102,판결,선고,/DRF/lawService.do?OC=chy2803&target=prec&ID=83367&type=HTML&mobileYn=
69813,폭력행위등처벌에관한법률위반(야간·공동상해)·공무집행방해·교통사고처리특례법위반·도로교통법위반(음주운전)·도로교통법위반(음주측정거부),2004고단232,2004.06.11,울산지방법원,형사,400102,판결: 확정,선고,/DRF/lawService.do?OC=chy2803&target=prec&ID=69813&type=HTML&mobileYn=
69757,교통사고처리특례법위반,2004고단601,2004.04.14,광주지방법원,형사,400102,판결: 항소,선고,/DRF/lawService.do?OC=chy2803&target=prec&ID=69757&type=HTML&mobileYn=
67230,교통사고처리특례법위반,2003도8145,2004.03.26,대법원,형사,400102,판결,선고,/DRF/lawService.do?OC=chy2803&target=prec&ID=67230&type=HTML&mobileYn=
83154,특정범죄가중처벌등에관한법률위반(도주차량)(인정된 죄명 : 교통사고처리특례법위반)·도로교통법위반,2004도250,2004.03.12,대법원,형사,400102,판결,선고,/DRF/lawService.do?OC=chy2803&target=prec&ID=83154&type=HTML&mobileYn=
191904,교통사고처리특례법위반·도로교통법위반(무면허 운전)·도로교통법위반(음주 운전),2002고단9804,2003.12.19,서울지방법원,형사,400102,판결: 항소,선고,/DRF/lawService.do?OC=chy2803&target=prec&ID=191904&type=HTML&mobileYn=
82890,교통사고처리특례법위반,2003도3529,2003.10.23,대법원,형사,400102,판결,선고,/DRF/lawService.do?OC=chy2803&target=prec&ID=82890&type=HTML&mobileYn=
82692,교통사고처리특례법위반,2003도1895,2003.06.27,대법원,형사,400102,판결,선고,/DRF/lawService.do?OC=chy2803&target=prec&ID=82692&type=HTML&mobileYn=
190090,교통사고처리특례법위반·도로교통법위반(음주운전),2002고단3245,2003.06.05,서울지방법원서부지원,형사,400102,판결：확정,선고,/DRF/lawService.do?OC=chy2803&target=prec&ID=190090&type=HTML&mobileYn=
82484,특정범죄가중처벌등에관한법률위반(도주차량)(인정된 죄명 : 교통사고처리특례법위반),2002도5748,2003.03.25,대법원,형사,400102,판결,선고,/DRF/lawService.do?OC=chy2803&target=prec&ID=82484&type=HTML&mobileYn=
82186,특정범죄가중처벌등에관한법률위반(도주차량)·교통사고처리특례법위반·도로교통법위반·도로교통법위반(음주운전)·도로교통법위반(무면허운전),2002도4986,2002.11.26,대법원,형사,400102,판결,선고,/DRF/lawService.do?OC=chy2803&target=prec&ID=82186&type=HTML&mobileYn=
82176,교통사고처리특례법위반,2001도849,2002.11.22,대법원,형사,400102,판결,선고,/DRF/lawService.do?OC=chy2803&target=prec&ID=82176&type=HTML&mobileYn=
81136,교통사고처리특례법위반,2001도4283,2001.12.14,대법원,형사,400102,판결,선고,/DRF/lawService.do?OC=chy2803&target=prec&ID=81136&type=HTML&mobileYn=
81135,교통사고처리특례법위반,2001도5005,2001.12.11,대법원,형사,400102,판결,선고,/DRF/lawService.do?OC=chy2803&target=prec&ID=81135&type=HTML&mobileYn=
190274,특정범죄가중처벌등에관한법률위반(도주차량)(인정된 죄명 : 교통사고처리특례법위반)·도로교통법위반(음주운전)·도로교통법위반,2000노1145,2001.11.08,전주지방법원,형사,400102,판결：확정,선고,/DRF/lawService.do?OC=chy2803&target=prec&ID=190274&type=HTML&mobileYn=
80965,교통사고처리특례법위반,2001도2939,2001.10.09,대법원,형사,400102,판결,선고,/DRF/lawService.do?OC=chy2803&target=prec&ID=80965&type=HTML&mobileYn=
80756,교통사고처리특례법위반·도로교통법위반,2001도1929,2001.07.13,대법원,형사,400102,판결,선고,/DRF/lawService.do?OC=chy2803&target=prec&ID=80756&type=HTML&mobileYn=
80474,교통사고처리특례법위반·도로교통법위반,2000도5540,2001.04.10,대법원,형사,400102,판결,선고,/DRF/lawService.do?OC=chy2803&target=prec&ID=80474&type=HTML&mobileYn=
79892,교통사고처리특례법위반,2000도2671,2000.09.05,대법원,형사,400102,판결,선고,/DRF/lawService.do?OC=chy2803&target=prec&ID=79892&type=HTML&mobileYn=
220939,부정수표단속법위반·사기·교통사고처리특례법위반·도로교통법위반,2000도2840,2000.09.05,대법원,형사,400102,판결,선고,/DRF/lawService.do?OC=chy2803&target=prec&ID=220939&type=HTML&mobileYn=
229269,교통사고처리특례법위반·도로교통법위반,99도128,2000.06.27,대법원,형사,400102,판결,선고,/DRF/lawService.do?OC=chy2803&target=prec&ID=229269&type=HTML&mobileYn=
229717,"특정범죄가중처벌등에관한법률위반(도주차량, 인정된 죄명 : 교통사고처리특례법위반)·도로교통법위반",99도5023,2000.03.28,대법원,형사,400102,판결,선고,/DRF/lawService.do?OC=chy2803&target=prec&ID=229717&type=HTML&mobileYn=
229959,교통사고처리특례법위반,99도3716,2000.02.22,대법원,형사,400102,판결,선고,/DRF/lawService.do?OC=chy2803&target=prec&ID=229959&type=HTML&mobileYn=
118059,교통사고처리특례법위반,98도968,1999.09.03,대법원,형사,400102,판결,선고,/DRF/lawService.do?OC=chy2803&target=prec&ID=118059&type=HTML&mobileYn=
120935,교통사고처리특례법위반,98노2245,1999.07.09,창원지방법원,형사,400102,판결：상고기각,선고,/DRF/lawService.do?OC=chy2803&target=prec&ID=120935&type=HTML&mobileYn=
120941,교통사고처리특례법위반,98고합653,1999.01.22,서울지방법원,형사,400102,판결：항소,선고,/DRF/lawService.do?OC=chy2803&target=prec&ID=120941&type=HTML&mobileYn=
211155,교통사고처리특례법위반,98도2605,1999.01.15,대법원,형사,400102,판결,선고,/DRF/lawService.do?OC=chy2803&target=prec&ID=211155&type=HTML&mobileYn=
221721,"교통사고처리특례법위반, 의료법위반등",98노2220,1998.12.09,인천지방법원,형사,400102,판결 : 파기,선고,/DRF/lawService.do?OC=chy2803&target=prec&ID=221721&type=HTML&mobileYn=
117088,교통사고처리특례법위반,98도1854,1998.09.22,대법원,형사,400102,판결,선고,/DRF/lawService.do?OC=chy2803&target=prec&ID=117088&type=HTML&mobileYn=
120795,"교통사고처리특례법위반,도로교통법위반",98고단833,1998.09.22,대전지방법원,형사,400102,판결：항소기각,선고,/DRF/lawService.do?OC=chy2803&target=prec&ID=120795&type=HTML&mobileYn=
116970,교통사고처리특례법위반,98도832,1998.07.28,대법원,형사,400102,판결,선고,/DRF/lawService.do?OC=chy2803&target=prec&ID=116970&type=HTML&mobileYn=
211245,특정범죄가중처벌등에관한법률위반(도주차량·인정된 죄명 : 교통사고처리특례법위반),96도591,1997.12.26,대법원,형사,400102,판결,선고,/DRF/lawService.do?OC=chy2803&target=prec&ID=211245&type=HTML&mobileYn=
116111,특정범죄가중처벌등에관한법률위반(도주차량)(인정된 죄명 : 교통사고처리특례법위반),97도2475,1997.11.28,대법원,형사,400102,판결,선고,/DRF/lawService.do?OC=chy2803&target=prec&ID=116111&type=HTML&mobileYn=
115884,교통사고처리특례법위반,97도1835,1997.10.10,대법원,형사,400102,판결,선고,/DRF/lawService.do?OC=chy2803&target=prec&ID=115884&type=HTML&mobileYn=
115804,교통사고처리특례법위반,97도1702,1997.09.26,대법원,형사,400102,판결,선고,/DRF/lawService.do?OC=chy2803&target=prec&ID=115804&type=HTML&mobileYn=
115435,교통사고처리특례법위반·도로교통법위반,96도1540,1997.07.08,대법원,형사,400102,판결,선고,/DRF/lawService.do?OC=chy2803&target=prec&ID=115435&type=HTML&mobileYn=
115357,교통사고처리특례법위반·도로교통법위반·간통·상해치사교사(인정된 죄명 : 상해교사),97도1075,1997.06.24,대법원,형사,400102,판결,선고,/DRF/lawService.do?OC=chy2803&target=prec&ID=115357&type=HTML&mobileYn=
115304,교통사고처리특례법위반,96도3266,1997.06.13,대법원,형사,400102,판결,선고,/DRF/lawService.do?OC=chy2803&target=prec&ID=115304&type=HTML&mobileYn=
115230,교통사고처리특례법위반,95도1232,1997.05.23,대법원,형사,400102,판결,선고,/DRF/lawService.do?OC=chy2803&target=prec&ID=115230&type=HTML&mobileYn=
222153,교통사고처리특례법위반,96노2499,1997.04.11,부산지방법원,형사,400102,판결：상고기각,선고,/DRF/lawService.do?OC=chy2803&target=prec&ID=222153&type=HTML&mobileYn=
114726,교통사고처리특례법위반·도로교통법위반·업무상과실일반교통방해,95도2125,1997.01.24,대법원,형사,400102,판결,선고,/DRF/lawService.do?OC=chy2803&target=prec&ID=114726&type=HTML&mobileYn=
114672,살인·폭력행위등처벌에관한법률위반·특수공무집행방해치상·공용물건손상·도로교통법위반·향정신성의약품관리법위반·대마관리법위반·범인도피·식품위생법위반·교통사고처리특례법위반,96도2588,1996.12.23,대법원,형사,400102,판결,선고,/DRF/lawService.do?OC=chy2803&target=prec&ID=114672&type=HTML&mobileYn=
114628,교통사고처리특례법위반(추가된 죄명:도로법위반),96도2030,1996.12.20,대법원,형사,400102,판결,선고,/DRF/lawService.do?OC=chy2803&target=prec&ID=114628&type=HTML&mobileYn=
114549,교통사고처리특례법위반,96도2461,1996.12.06,대법원,형사,400102,판결,선고,/DRF/lawService.do?OC=chy2803&target=prec&ID=114549&type=HTML&mobileYn=
114359,교통사고처리특례법위반,96도1848,1996.10.25,대법원,형사,400102,판결,선고,/DRF/lawService.do?OC=chy2803&target=prec&ID=114359&type=HTML&mobileYn=
223179,"특정범죄가중처벌등에관한법률위반(도주차량, 인정된 죄명：교통사고처리특례법위반),도로교통법위반",96고단1422,1996.10.05,수원지방법원성남지원,형사,400102,판결：항소기각,선고,/DRF/lawService.do?OC=chy2803&target=prec&ID=223179&type=HTML&mobileYn=
223189,"사기미수(예비적 죄명：사기),교통사고처리특례법위반",96노202,1996.09.19,인천지방법원,형사,400102,판결：상고기각,선고,/DRF/lawService.do?OC=chy2803&target=prec&ID=223189&type=HTML&mobileYn=
114173,교통사고처리특례법위반,96도1252,1996.09.10,대법원,형사,400102,판결,선고,/DRF/lawService.do?OC=chy2803&target=prec&ID=114173&type=HTML&mobileYn=
114168,교통사고처리특례법위반·도로교통법위반,96도166,1996.09.06,대법원,형사,400102,판결,선고,/DRF/lawService.do?OC=chy2803&target=prec&ID=114168&type=HTML&mobileYn=
113956,교통사고처리특례법위반,96도1198,1996.07.09,대법원,형사,400102,판결,선고,/DRF/lawService.do?OC=chy2803&target=prec&ID=113956&type=HTML&mobileYn=
113836,교통사고처리특례법위반,96도1049,1996.06.11,대법원,형사,400102,판결,선고,/DRF/lawService.do?OC=chy2803&target=prec&ID=113836&type=HTML&mobileYn=
191960,교통사고처리특례법위반,95도3093,1996.05.31,대법원,형사,400102,판결,선고,/DRF/lawService.do?OC=chy2803&target=prec&ID=191960&type=HTML&mobileYn=
113744,교통사고처리특례법위반,96도690,1996.05.28,대법원,형사,400102,판결,선고,/DRF/lawService.do?OC=chy2803&target=prec&ID=113744&type=HTML&mobileYn=
113553,특정범죄가중처벌등에관한법률위반{도주차량(인정된 죄명 교통사고처리특례법위반)},96도358,1996.04.12,대법원,형사,400102,판결,선고,/DRF/lawService.do?OC=chy2803&target=prec&ID=113553&type=HTML&mobileYn=
158292,교통사고 처리 특례법 위반·업무상 과실 자동차 추락,95도2716,1996.02.13,대법원,형사,400102,판결,선고,/DRF/lawService.do?OC=chy2803&target=prec&ID=158292&type=HTML&mobileYn=
113056,교통사고처리특례법위반·도로교통법위반·업무상과실군용물손괴·무단이탈,94도1519,1995.12.22,대법원,형사,400102,판결,선고,/DRF/lawService.do?OC=chy2803&target=prec&ID=113056&type=HTML&mobileYn=
112969,교통사고처리특례법위반·도로교통법위반,95도1928,1995.12.08,대법원,형사,400102,판결,선고,/DRF/lawService.do?OC=chy2803&target=prec&ID=112969&type=HTML&mobileYn=
112904,"특정범죄가중처벌등에관한법률위반(도주차량, 일부인정된죄명 교통사고처리특례법위반)",95도1680,1995.11.24,대법원,형사,400102,판결,선고,/DRF/lawService.do?OC=chy2803&target=prec&ID=112904&type=HTML&mobileYn=
120112,교통사고처리특례법위반,95노1878,1995.10.06,서울지방법원,형사,400102,판결：확정,선고,/DRF/lawService.do?OC=chy2803&target=prec&ID=120112&type=HTML&mobileYn=
223129,"교통사고처리특례법위반,도로교통법위반",94고단2785,1995.08.09,광주지방법원,형사,400102,판결：확정,선고,/DRF/lawService.do?OC=chy2803&target=prec&ID=223129&type=HTML&mobileYn=
112235,교통사고처리특례법위반,95도382,1995.07.11,대법원,형사,400102,판결,선고,/DRF/lawService.do?OC=chy2803&target=prec&ID=112235&type=HTML&mobileYn=
112169,교통사고처리특례법위반,95도932,1995.06.30,대법원,형사,400102,판결,선고,/DRF/lawService.do?OC=chy2803&target=prec&ID=112169&type=HTML&mobileYn=
111935,교통사고처리특례법위반,95도512,1995.05.12,대법원,형사,400102,판결,선고,/DRF/lawService.do?OC=chy2803&target=prec&ID=111935&type=HTML&mobileYn=
111254,"교통사고처리특례법위반,도로교통법위반",94도1442,1994.12.13,대법원,형사,400102,판결,선고,/DRF/lawService.do?OC=chy2803&target=prec&ID=111254&type=HTML&mobileYn=
111253,교통사고처리특례법위반,94도1888,1994.12.09,대법원,형사,400102,판결,선고,/DRF/lawService.do?OC=chy2803&target=prec&ID=111253&type=HTML&mobileYn=
111246,"교통사고처리특례법위반,도로교통법위반",94도814,1994.12.02,대법원,형사,400102,판결,선고,/DRF/lawService.do?OC=chy2803&target=prec&ID=111246&type=HTML&mobileYn=
111077,교통사고처리특례법위반,94도2393,1994.11.08,대법원,형사,400102,판결,선고,/DRF/lawService.do?OC=chy2803&target=prec&ID=111077&type=HTML&mobileYn=
110887,"교통사고처리특례법위반,도로교통법위반",94도1818,1994.10.14,대법원,형사,400102,판결,선고,/DRF/lawService.do?OC=chy2803&target=prec&ID=110887&type=HTML&mobileYn=
190025,"부정수표단속법위반,횡령,공무상표시무효,수질환경보전법위반,소음.진동규제법위반,배임(인정된죄명:권리행사방해),교통사고처리특례법위반,도로교통법위반",94도1439,1994.09.27,대법원,형사,400102,판결,선고,/DRF/lawService.do?OC=chy2803&target=prec&ID=190025&type=HTML&mobileYn=
110803,"교통사고처리특례법위반,도로교통법위반",94도1629,1994.09.27,대법원,형사,400102,판결,선고,/DRF/lawService.do?OC=chy2803&target=prec&ID=110803&type=HTML&mobileYn=
110619,교통사고처리특례법위반,94도1199,1994.08.23,대법원,형사,400102,판결,선고,/DRF/lawService.do?OC=chy2803&target=prec&ID=110619&type=HTML&mobileYn=
110481,"교통사고처리특례법위반,업무상과실자동차추락",94도995,1994.06.28,대법원,형사,400102,판결,선고,/DRF/lawService.do?OC=chy2803&target=prec&ID=110481&type=HTML&mobileYn=
110482,교통사고처리특례법위반,94도1200,1994.06.28,대법원,형사,400102,판결,선고,/DRF/lawService.do?OC=chy2803&target=prec&ID=110482&type=HTML&mobileYn=
110161,교통사고처리특례법위반,94도548,1994.04.26,대법원,형사,400102,판결,선고,/DRF/lawService.do?OC=chy2803&target=prec&ID=110161&type=HTML&mobileYn=
109815,교통사고처리특례법위반,93도3430,1994.01.25,대법원,형사,400102,판결,선고,/DRF/lawService.do?OC=chy2803&target=prec&ID=109815&type=HTML&mobileYn=
222917,특정범죄가중처벌등에관한법률위반(도주차량)(인정된죄명:교통사고처리특례법위반)등피고사건,93노2555,1994.01.21,서울고등법원,형사,400102,제1형사부판결 : 확정,선고,/DRF/lawService.do?OC=chy2803&target=prec&ID=222917&type=HTML&mobileYn=
227591,교통사고처리특례법위반,93노4273,1993.11.24,서울형사지방법원,형사,400102,제1부판결 : 확정,선고,/DRF/lawService.do?OC=chy2803&target=prec&ID=227591&type=HTML&mobileYn=
123504,교통사고처리특례법위반,93도1118,1993.08.13,대법원,형사,400102,판결,선고,/DRF/lawService.do?OC=chy2803&target=prec&ID=123504&type=HTML&mobileYn=
123324,교통사고처리특례법위반,93도786,1993.06.22,대법원,형사,400102,판결,선고,/DRF/lawService.do?OC=chy2803&target=prec&ID=123324&type=HTML&mobileYn=
123081,"교통사고처리특례법위반,도로교통법위반",93도799,1993.05.11,대법원,형사,400102,판결,선고,/DRF/lawService.do?OC=chy2803&target=prec&ID=123081&type=HTML&mobileYn=
189900,"교통사고처리특례법위반,도로교통법위반",92도2309,1993.04.13,대법원,형사,400102,판결,선고,/DRF/lawService.do?OC=chy2803&target=prec&ID=189900&type=HTML&mobileYn=
189864,교통사고처리특례법위반,92도2077,1993.02.23,대법원,형사,400102,판결,선고,/DRF/lawService.do?OC=chy2803&target=prec&ID=189864&type=HTML&mobileYn=
124307,"교통사고처리특례법위반, 도로교통법위반",92도2579,1993.01.15,대법원,형사,400102,판결,선고,/DRF/lawService.do?OC=chy2803&target=prec&ID=124307&type=HTML&mobileYn=
122911,"교통사고처리특례법위반,도로교통법위반",92도2234,1992.10.27,대법원,형사,400102,판결,선고,/DRF/lawService.do?OC=chy2803&target=prec&ID=122911&type=HTML&mobileYn=
122904,"교통사고처리특례법위반,도로교통법위반",92도1602,1992.10.27,대법원,형사,400102,판결,선고,/DRF/lawService.do?OC=chy2803&target=prec&ID=122904&type=HTML&mobileYn=
189781,교통사고처리특례법위반,91도2674,1992.10.13,대법원,형사,400102,판결,선고,/DRF/lawService.do?OC=chy2803&target=prec&ID=189781&type=HTML&mobileYn=
227417,교통사고처리특례법위반,92노4077,1992.08.25,서울형사지방법원,형사,400102,제4부판결 : 확정,선고,/DRF/lawService.do?OC=chy2803&target=prec&ID=227417&type=HTML&mobileYn=
122566,교통사고처리특례법위반,92도934,1992.08.18,대법원,형사,400102,판결,선고,/DRF/lawService.do?OC=chy2803&target=prec&ID=122566&type=HTML&mobileYn=
189671,교통사고처리특례법위반,92도1137,1992.07.28,대법원,형사,400102,판결,선고,/DRF/lawService.do?OC=chy2803&target=prec&ID=189671&type=HTML&mobileYn=
122009,교통사고처리특례법위반,92도56,1992.04.28,대법원,형사,400102,판결,선고,/DRF/lawService.do?OC=chy2803&target=prec&ID=122009&type=HTML&mobileYn=
119307,교통사고처리특례법위반등,92고단226,1992.04.14,수원지방법원,형사,400102,판결 : 확정,선고,/DRF/lawService.do?OC=chy2803&target=prec&ID=119307&type=HTML&mobileYn=
192908,교통사고처리특례법위반,91도2330,1992.01.21,대법원,형사,400102,판결,선고,/DRF/lawService.do?OC=chy2803&target=prec&ID=192908&type=HTML&mobileYn=
189411,"교통사고처리특례법,도로교통법위반",91도1319,1991.12.10,대법원,형사,400102,판결,선고,/DRF/lawService.do?OC=chy2803&target=prec&ID=189411&type=HTML&mobileYn=
109342,교통사고처리특례법위반,91도1783,1991.10.11,대법원,형사,400102,판결,선고,/DRF/lawService.do?OC=chy2803&target=prec&ID=109342&type=HTML&mobileYn=
109196,교통사고처리특례법위반,91도1746,1991.09.10,대법원,형사,400102,판결,선고,/DRF/lawService.do?OC=chy2803&target=prec&ID=109196&type=HTML&mobileYn=
108895,"교통사고처리특례법위반,도로교통법위반",91도1013,1991.06.25,대법원,형사,400102,판결,선고,/DRF/lawService.do?OC=chy2803&target=prec&ID=108895&type=HTML&mobileYn=
108823,교통사고처리특례법위반,91도821,1991.06.11,대법원,형사,400102,판결,선고,/DRF/lawService.do?OC=chy2803&target=prec&ID=108823&type=HTML&mobileYn=
119148,교통사고처리특례법위반등,90노1137,1991.05.30,인천지방법원,형사,400102,제1형사부판결 : 확정,선고,/DRF/lawService.do?OC=chy2803&target=prec&ID=119148&type=HTML&mobileYn=
108754,교통사고처리특례법위반,91도840,1991.05.28,대법원,형사,400102,판결,선고,/DRF/lawService.do?OC=chy2803&target=prec&ID=108754&type=HTML&mobileYn=
108740,교통사고처리특례법위반,91도159,1991.05.28,대법원,형사,400102,판결,선고,/DRF/lawService.do?OC=chy2803&target=prec&ID=108740&type=HTML&mobileYn=
108655,교통사고처리특례법위반,91도654,1991.05.14,대법원,형사,400102,판결,선고,/DRF/lawService.do?OC=chy2803&target=prec&ID=108655&type=HTML&mobileYn=
108458,"교통사고처리특례법위반,도로교통법위반",91도415,1991.04.09,대법원,형사,400102,판결,선고,/DRF/lawService.do?OC=chy2803&target=prec&ID=108458&type=HTML&mobileYn=
108378,"교통사고처리특례법위반,도로교통법위반",91도223,1991.03.22,대법원,형사,400102,판결,선고,/DRF/lawService.do?OC=chy2803&target=prec&ID=108378&type=HTML&mobileYn=
108248,교통사고처리특례법위반,90도2856,1991.02.26,대법원,형사,400102,판결,선고,/DRF/lawService.do?OC=chy2803&target=prec&ID=108248&type=HTML&mobileYn=
108172,교통사고처리특례법위반,90도2420,1991.02.12,대법원,형사,400102,판결,선고,/DRF/lawService.do?OC=chy2803&target=prec&ID=108172&type=HTML&mobileYn=
108048,"교통사고처리특례법위반,도로교통법위반",90도1918,1991.01.15,대법원,형사,400102,판결,선고,/DRF/lawService.do?OC=chy2803&target=prec&ID=108048&type=HTML&mobileYn=
108041,교통사고처리특례법위반,90도2000,1991.01.11,대법원,형사,400102,판결,선고,/DRF/lawService.do?OC=chy2803&target=prec&ID=108041&type=HTML&mobileYn=
107960,교통사고처리특례법위반,89도2589,1990.12.26,대법원,형사,400102,판결,선고,/DRF/lawService.do?OC=chy2803&target=prec&ID=107960&type=HTML&mobileYn=
107771,"특정범죄가중처벌등에관한법률위반(도주차량,인정된죄명:교통사고처리특례법위반,도로교통법위반),폭력행위등처벌에관한법률위반,도로교통법위반",90도1516,1990.11.27,대법원,형사,400102,전원합의체판결,선고,/DRF/lawService.do?OC=chy2803&target=prec&ID=107771&type=HTML&mobileYn=
107764,교통사고처리특례법위반,90도1873,1990.11.23,대법원,형사,400102,판결,선고,/DRF/lawService.do?OC=chy2803&target=prec&ID=107764&type=HTML&mobileYn=
189270,교통사고처리특례법위반,90도1656,1990.10.26,대법원,형사,400102,판결,선고,/DRF/lawService.do?OC=chy2803&target=prec&ID=189270&type=HTML&mobileYn=
107440,교통사고처리특례법위반,90도761,1990.10.16,대법원,형사,400102,판결,선고,/DRF/lawService.do?OC=chy2803&target=prec&ID=107440&type=HTML&mobileYn=
107328,교통사고처리특례법위반,90도536,1990.09.25,대법원,형사,400102,판결,선고,/DRF/lawService.do?OC=chy2803&target=prec&ID=107328&type=HTML&mobileYn=
107177,교통사고처리특례법위반,90도1116,1990.08.10,대법원,형사,400102,판결,선고,/DRF/lawService.do?OC=chy2803&target=prec&ID=107177&type=HTML&mobileYn=
107016,교통사고처리특례법위반,90도296,1990.06.26,대법원,형사,400102,판결,선고,/DRF/lawService.do?OC=chy2803&target=prec&ID=107016&type=HTML&mobileYn=
106862,"교통사고처리특례법위반,도로교통법위반",89도1694,1990.05.25,대법원,형사,400102,판결,선고,/DRF/lawService.do?OC=chy2803&target=prec&ID=106862&type=HTML&mobileYn=
106859,교통사고처리특례법위반,90도580,1990.05.22,대법원,형사,400102,판결,선고,/DRF/lawService.do?OC=chy2803&target=prec&ID=106859&type=HTML&mobileYn=
106788,교통사고처리특례법위반,90도606,1990.05.08,대법원,형사,400102,판결,선고,/DRF/lawService.do?OC=chy2803&target=prec&ID=106788&type=HTML&mobileYn=
106697,교통사고처리특례법위반,89도2547,1990.04.24,대법원,형사,400102,판결,선고,/DRF/lawService.do?OC=chy2803&target=prec&ID=106697&type=HTML&mobileYn=
106623,교통사고처리특례법위반,89도2100,1990.04.10,대법원,형사,400102,판결,선고,/DRF/lawService.do?OC=chy2803&target=prec&ID=106623&type=HTML&mobileYn=
106625,"교통사고처리특례법위반,도로교통법위반",89도2218,1990.04.10,대법원,형사,400102,판결,선고,/DRF/lawService.do?OC=chy2803&target=prec&ID=106625&type=HTML&mobileYn=
106483,"특정범죄가중처벌등에관한법률위반(도주차량,인정된죄명:교통사고처리특례법)",89도2360,1990.03.13,대법원,형사,400102,판결,선고,/DRF/lawService.do?OC=chy2803&target=prec&ID=106483&type=HTML&mobileYn=
106414,교통사고처리특례법위반,89도777,1990.02.27,대법원,형사,400102,판결,선고,/DRF/lawService.do?OC=chy2803&target=prec&ID=106414&type=HTML&mobileYn=
106310,교통사고처리특례법위반,89도1774,1990.02.09,대법원,형사,400102,판결,선고,/DRF/lawService.do?OC=chy2803&target=prec&ID=106310&type=HTML&mobileYn=
106309,교통사고처리특례법위반,89도1696,1990.02.09,대법원,형사,400102,판결,선고,/DRF/lawService.do?OC=chy2803&target=prec&ID=106309&type=HTML&mobileYn=
106196,중대한교통사고차량면허취소처분취소,89누3564,1990.01.25,대법원,일반행정,400107,판결,선고,/DRF/lawService.do?OC=chy2803&target=prec&ID=106196&type=HTML&mobileYn=
106226,교통사고처리특례법위반,89도1395,1990.01.23,대법원,형사,400102,판결,선고,/DRF/lawService.do?OC=chy2803&target=prec&ID=106226&type=HTML&mobileYn=
106152,교통사고처리특례법위반,89도377,1990.01.12,대법원,형사,400102,판결,선고,/DRF/lawService.do?OC=chy2803&target=prec&ID=106152&type=HTML&mobileYn=
106153,"교통사고처리특례법위반,도로교통법위반",89도1792,1990.01.12,대법원,형사,400102,판결,선고,/DRF/lawService.do?OC=chy2803&target=prec&ID=106153&type=HTML&mobileYn=
106112,교통사고처리특례법위반,89도1557,1989.12.26,대법원,형사,400102,판결,선고,/DRF/lawService.do?OC=chy2803&target=prec&ID=106112&type=HTML&mobileYn=
106028,교통사고처리특례법위반,89도1311,1989.12.08,대법원,형사,400102,판결,선고,/DRF/lawService.do?OC=chy2803&target=prec&ID=106028&type=HTML&mobileYn=
105748,교통사고처리특례법위반,88도1691,1989.10.10,대법원,형사,400102,판결,선고,/DRF/lawService.do?OC=chy2803&target=prec&ID=105748&type=HTML&mobileYn=
105534,교통사고처리특례법위반,89도866,1989.09.12,대법원,형사,400102,판결,선고,/DRF/lawService.do?OC=chy2803&target=prec&ID=105534&type=HTML&mobileYn=
189222,"교통사고처리특례법위반,도로교통법위반",89도331,1989.09.12,대법원,형사,400102,판결,선고,/DRF/lawService.do?OC=chy2803&target=prec&ID=189222&type=HTML&mobileYn=
105421,교통사고처리특례법위반,89도30,1989.07.11,대법원,형사,400102,판결,선고,/DRF/lawService.do?OC=chy2803&target=prec&ID=105421&type=HTML&mobileYn=
189219,교통사고처리특례법위반,88도2010,1989.05.23,대법원,형사,400102,판결,선고,/DRF/lawService.do?OC=chy2803&target=prec&ID=189219&type=HTML&mobileYn=
105207,"교통사고처리특례법위반,도로교통법위반",87도2070,1989.05.09,대법원,형사,400102,판결,선고,/DRF/lawService.do?OC=chy2803&target=prec&ID=105207&type=HTML&mobileYn=
105115,교통사고처리특례법위반,88도1678,1989.04.11,대법원,형사,400102,판결,선고,/DRF/lawService.do?OC=chy2803&target=prec&ID=105115&type=HTML&mobileYn=
105049,교통사고처리특례법위반,88도1484,1989.03.28,대법원,형사,400102,판결,선고,/DRF/lawService.do?OC=chy2803&target=prec&ID=105049&type=HTML&mobileYn=
104998,"교통사고처리특례법위반,도로교통법위반",88도2527,1989.03.14,대법원,형사,400102,판결,선고,/DRF/lawService.do?OC=chy2803&target=prec&ID=104998&type=HTML&mobileYn=
104993,"특정범죄가중처벌등에관한법률위반(도주차량),교통사고처리특례법위반",88도1399,1989.03.14,대법원,형사,400102,판결,선고,/DRF/lawService.do?OC=chy2803&target=prec&ID=104993&type=HTML&mobileYn=
104933,교통사고처리특례법위반,88도1689,1989.02.28,대법원,형사,400102,판결,선고,/DRF/lawService.do?OC=chy2803&target=prec&ID=104933&type=HTML&mobileYn=
118490,교통사고처리특례법위반피고사건,87노954,1988.11.10,대전지방법원,형사,400102,제2형사부판결 : 상고,선고,/DRF/lawService.do?OC=chy2803&target=prec&ID=118490&type=HTML&mobileYn=
104614,교통사고처리특례법위반,88도928,1988.11.08,대법원,형사,400102,판결,선고,/DRF/lawService.do?OC=chy2803&target=prec&ID=104614&type=HTML&mobileYn=
104514,교통사고처리특례법위반,88도833,1988.09.27,대법원,형사,400102,판결,선고,/DRF/lawService.do?OC=chy2803&target=prec&ID=104514&type=HTML&mobileYn=
104420,교통사고처리특례법위반,88도632,1988.08.23,대법원,형사,400102,판결,선고,/DRF/lawService.do?OC=chy2803&target=prec&ID=104420&type=HTML&mobileYn=
104396,"공정증서원본불실기재,동행사,교통사고처리특례법위반,사기,사문서위조,동행사,업무상횡령,특정범죄가중처벌등에관한법률위반",88도936,1988.07.26,대법원,형사,400102,판결,선고,/DRF/lawService.do?OC=chy2803&target=prec&ID=104396&type=HTML&mobileYn=
104330,"교통사고처리특례법위반(인정된죄명:업무상과실치사),도로교통법위반",88도255,1988.05.24,대법원,형사,400102,판결,선고,/DRF/lawService.do?OC=chy2803&target=prec&ID=104330&type=HTML&mobileYn=
104192,교통사고처리특례법위반,87도2171,1988.03.22,대법원,형사,400102,판결,"선고,",/DRF/lawService.do?OC=chy2803&target=prec&ID=104192&type=HTML&mobileYn=
118312,교통사고처리특례법위반등,87노1434,1988.02.17,수원지방법원,형사,400102,제1형사부 판결 : 확정,선고,/DRF/lawService.do?OC=chy2803&target=prec&ID=118312&type=HTML&mobileYn=
118310,교통사고처리특례법위반등,87노615,1988.01.28,춘천지방법원,형사,400102,제1형사부 판결 : 상고,선고,/DRF/lawService.do?OC=chy2803&target=prec&ID=118310&type=HTML&mobileYn=
77100,교통사고처리특례법위반등피고사건,87고단524,1987.12.30,춘천지방법원,형사,400102,판결 : 항소,선고,/DRF/lawService.do?OC=chy2803&target=prec&ID=77100&type=HTML&mobileYn=
103968,교통사고처리특례법위반,87도2173,1987.12.22,대법원,형사,400102,판결,선고,/DRF/lawService.do?OC=chy2803&target=prec&ID=103968&type=HTML&mobileYn=
77086,교통사고처리특례법위반피고사건,87노515,1987.11.02,청주지방법원,형사,400102,제1형사부판결 : 상고,선고,/DRF/lawService.do?OC=chy2803&target=prec&ID=77086&type=HTML&mobileYn=
103628,교통사고처리특례법위반,87도516,1987.09.22,대법원,형사,400102,판결,선고,/DRF/lawService.do?OC=chy2803&target=prec&ID=103628&type=HTML&mobileYn=
103576,"교통사고처리특례법위반,도로교통법위반",87도1332,1987.09.08,대법원,형사,400102,판결,선고,/DRF/lawService.do?OC=chy2803&target=prec&ID=103576&type=HTML&mobileYn=
76985,교통사고처리특례법위반등피고사건,87노471,1987.07.16,서울형사지방법원,형사,400102,제3부판결 : 확정,선고,/DRF/lawService.do?OC=chy2803&target=prec&ID=76985&type=HTML&mobileYn=
76984,교통사고처리특례법위반피고사건,87노2685,1987.07.10,서울형사지방법원,형사,400102,제7부판결 : 확정,선고,/DRF/lawService.do?OC=chy2803&target=prec&ID=76984&type=HTML&mobileYn=
103394,교통사고처리특례법위반,86도2597,1987.07.07,대법원,형사,400102,판결,"선고,",/DRF/lawService.do?OC=chy2803&target=prec&ID=103394&type=HTML&mobileYn=
103271,교통사고처리특례법위반,87도995,1987.06.09,대법원,형사,400102,판결,선고,/DRF/lawService.do?OC=chy2803&target=prec&ID=103271&type=HTML&mobileYn=
103268,"교통사고처리특례법위반,도로교통법위반",87도884,1987.06.09,대법원,형사,400102,판결,"선고,",/DRF/lawService.do?OC=chy2803&target=prec&ID=103268&type=HTML&mobileYn=
103153,교통사고처리특례법위반,87도249,1987.05.12,대법원,형사,400102,판결,선고,/DRF/lawService.do?OC=chy2803&target=prec&ID=103153&type=HTML&mobileYn=
103015,"교통사고처리특례법위반,도로교통법위반,뇌물수수",86도2075,1987.04.14,대법원,형사,400102,판결,선고,/DRF/lawService.do?OC=chy2803&target=prec&ID=103015&type=HTML&mobileYn=
102826,"교통사고처리특례법위반,도로교통법위반",86도2731,1987.02.24,대법원,형사,400102,판결,선고,/DRF/lawService.do?OC=chy2803&target=prec&ID=102826&type=HTML&mobileYn=
102738,교통사고처리특례법위반,86도2514,1987.02.10,대법원,형사,400102,판결,선고,/DRF/lawService.do?OC=chy2803&target=prec&ID=102738&type=HTML&mobileYn=
77199,교통사고처리특례법위반등피고사건,86노1756,1987.01.27,부산지방법원,형사,400102,제2형사부판결 : 상고,선고,/DRF/lawService.do?OC=chy2803&target=prec&ID=77199&type=HTML&mobileYn=
102575,교통사고처리특례법위반,85도1977,1986.12.23,대법원,형사,400102,판결,선고,/DRF/lawService.do?OC=chy2803&target=prec&ID=102575&type=HTML&mobileYn=
76718,교통사고처리특례법위반등피고사건,86고단6507,1986.12.22,부산지방법원,형사,400102,판결 : 항소,선고,/DRF/lawService.do?OC=chy2803&target=prec&ID=76718&type=HTML&mobileYn=
102515,"교통사고처리특례법위반,사기,향토예비군설치법위반",86도1875,1986.12.09,대법원,형사,400102,판결,선고,/DRF/lawService.do?OC=chy2803&target=prec&ID=102515&type=HTML&mobileYn=
102514,교통사고처리특례법위반,86도1868,1986.12.09,대법원,형사,400102,전원합의체 판결,선고,/DRF/lawService.do?OC=chy2803&target=prec&ID=102514&type=HTML&mobileYn=
102462,교통사고처리특례법위반,86도1802,1986.11.25,대법원,형사,400102,판결,선고,/DRF/lawService.do?OC=chy2803&target=prec&ID=102462&type=HTML&mobileYn=
102315,교통사고처리특례법위반,86도1676,1986.10.14,대법원,형사,400102,판결,선고,/DRF/lawService.do?OC=chy2803&target=prec&ID=102315&type=HTML&mobileYn=
76619,특정범죄가중처벌등에관한법률위반(인정된죄명:교통사고처리특례법위반)등피고사건,86노1038,1986.09.24,대구고등법원,형사,400102,제1형사부판결 : 확정,선고,/DRF/lawService.do?OC=chy2803&target=prec&ID=76619&type=HTML&mobileYn=
102237,교통사고처리특례법위반,84도473,1986.09.23,대법원,형사,400102,판결,선고,/DRF/lawService.do?OC=chy2803&target=prec&ID=102237&type=HTML&mobileYn=
102251,"교통사고처리특례법위반,도로교통법위반",86도1115,1986.09.23,대법원,형사,400102,판결,선고,/DRF/lawService.do?OC=chy2803&target=prec&ID=102251&type=HTML&mobileYn=
102105,교통사고처리특례법위반,86도163,1986.09.09,대법원,형사,400102,판결,선고,/DRF/lawService.do?OC=chy2803&target=prec&ID=102105&type=HTML&mobileYn=
102111,교통사고처리특례법위반,86도1142,1986.09.09,대법원,형사,400102,판결,선고,/DRF/lawService.do?OC=chy2803&target=prec&ID=102111&type=HTML&mobileYn=
102061,교통사고처리특례법위반,86도1123,1986.08.19,대법원,형사,400102,판결,선고,/DRF/lawService.do?OC=chy2803&target=prec&ID=102061&type=HTML&mobileYn=
102049,"교통사고처리특례법위반,도로교통법위반",85도2808,1986.08.19,대법원,형사,400102,판결,선고,/DRF/lawService.do?OC=chy2803&target=prec&ID=102049&type=HTML&mobileYn=
102053,"교통사고처리특례법위반,도로교통법위반",86도589,1986.08.19,대법원,형사,400102,판결,선고,/DRF/lawService.do?OC=chy2803&target=prec&ID=102053&type=HTML&mobileYn=
101976,"교통사고처리특례법위반,도로교통법위반,업무상과실자동차전복",85도1952,1986.07.22,대법원,형사,400102,판결,선고,/DRF/lawService.do?OC=chy2803&target=prec&ID=101976&type=HTML&mobileYn=
101981,교통사고처리특례법위반,86도76,1986.07.22,대법원,형사,400102,판결,선고,/DRF/lawService.do?OC=chy2803&target=prec&ID=101981&type=HTML&mobileYn=
101901,"교통사고처리특례법위반,도로교통법위반",86도583,1986.07.08,대법원,형사,400102,판결,선고,/DRF/lawService.do?OC=chy2803&target=prec&ID=101901&type=HTML&mobileYn=
101898,"업무상과실자동차추락,교통사고처리특례법위반,도로교통법위반",86도239,1986.07.08,대법원,형사,400102,판결,선고,/DRF/lawService.do?OC=chy2803&target=prec&ID=101898&type=HTML&mobileYn=
101754,교통사고처리특례법위반,85도1996,1986.06.10,대법원,형사,400102,판결,선고,/DRF/lawService.do?OC=chy2803&target=prec&ID=101754&type=HTML&mobileYn=
101706,교통사고처리특례법위반,86도549,1986.05.27,대법원,형사,400102,판결,선고,/DRF/lawService.do?OC=chy2803&target=prec&ID=101706&type=HTML&mobileYn=
101631,교통사고처리특례법위반,86도325,1986.03.25,대법원,형사,400102,판결,선고,/DRF/lawService.do?OC=chy2803&target=prec&ID=101631&type=HTML&mobileYn=
101574,교통사고처리특례법위반,86도50,1986.03.11,대법원,형사,400102,판결,선고,/DRF/lawService.do?OC=chy2803&target=prec&ID=101574&type=HTML&mobileYn=
101575,교통사고처리특례법위반,86도56,1986.03.11,대법원,형사,400102,판결,선고,/DRF/lawService.do?OC=chy2803&target=prec&ID=101575&type=HTML&mobileYn=
101497,교통사고처리특례법위반,85도2651,1986.02.25,대법원,형사,400102,판결,선고,/DRF/lawService.do?OC=chy2803&target=prec&ID=101497&type=HTML&mobileYn=
101504,교통사고처리특례법위반,85도2759,1986.02.25,대법원,형사,400102,판결,선고,/DRF/lawService.do?OC=chy2803&target=prec&ID=101504&type=HTML&mobileYn=
101434,"절도,교통사고처리특례법위반,도로교통법위반",85도2544,1986.02.11,대법원,형사,400102,판결,선고,/DRF/lawService.do?OC=chy2803&target=prec&ID=101434&type=HTML&mobileYn=
101439,교통사고처리특례법위반,85도2658,1986.02.11,대법원,형사,400102,판결,선고,/DRF/lawService.do?OC=chy2803&target=prec&ID=101439&type=HTML&mobileYn=
101363,교통사고처리특례법위반,85도1959,1986.01.21,대법원,형사,400102,판결,선고,/DRF/lawService.do?OC=chy2803&target=prec&ID=101363&type=HTML&mobileYn=
101269,교통사고처리특례법위반,84도2567,1985.12.10,대법원,형사,400102,판결,선고,/DRF/lawService.do?OC=chy2803&target=prec&ID=101269&type=HTML&mobileYn=
164451,교통사고처리특례법 위반,85도1893,1985.11.12,대법원,형사,400102,판결,선고,/DRF/lawService.do?OC=chy2803&target=prec&ID=164451&type=HTML&mobileYn=
101130,"교통사고처리특례법위반,도로교통법위반",85도1992,1985.11.12,대법원,형사,400102,판결,선고,/DRF/lawService.do?OC=chy2803&target=prec&ID=101130&type=HTML&mobileYn=
100882,교통사고처리특례법위반,85도1407,1985.09.10,대법원,형사,400102,판결,선고,/DRF/lawService.do?OC=chy2803&target=prec&ID=100882&type=HTML&mobileYn=
100867,교통사고처리특례법위반,84도1572,1985.09.10,대법원,형사,400102,판결,선고,/DRF/lawService.do?OC=chy2803&target=prec&ID=100867&type=HTML&mobileYn=
100874,교통사고처리특례법위반,85도1264,1985.09.10,대법원,형사,400102,판결,선고,/DRF/lawService.do?OC=chy2803&target=prec&ID=100874&type=HTML&mobileYn=
100873,교통사고처리특례법위반,85도1228,1985.09.10,대법원,형사,400102,판결,선고,/DRF/lawService.do?OC=chy2803&target=prec&ID=100873&type=HTML&mobileYn=
76276,교통사고처리특례법위반피고사건,85노287,1985.08.09,대구지방법원,형사,400102,제1형사부판결 : 상고,선고,/DRF/lawService.do?OC=chy2803&target=prec&ID=76276&type=HTML&mobileYn=
100684,교통사고처리특례법위반,85도833,1985.07.09,대법원,형사,400102,판결,선고,/DRF/lawService.do?OC=chy2803&target=prec&ID=100684&type=HTML&mobileYn=
100678,교통사고처리특례법위반ㆍ도로교통법위반,84도2884,1985.07.09,대법원,형사,400102,판결,선고,/DRF/lawService.do?OC=chy2803&target=prec&ID=100678&type=HTML&mobileYn=
76188,교통사고처리특례법위반피고사건,85고단19,1985.06.26,전주지방법원,형사,400102,판결 : 항소,선고,/DRF/lawService.do?OC=chy2803&target=prec&ID=76188&type=HTML&mobileYn=
100631,교통사고처리특례법위반·도로교통법위반,85도784,1985.06.25,대법원,형사,400102,판결,선고,/DRF/lawService.do?OC=chy2803&target=prec&ID=100631&type=HTML&mobileYn=
100587,교통사고처리특례법위반,85도934,1985.06.11,대법원,형사,400102,판결,선고,/DRF/lawService.do?OC=chy2803&target=prec&ID=100587&type=HTML&mobileYn=
100575,교통사고처리특례법위반,84도2012,1985.06.11,대법원,형사,400102,판결,선고,/DRF/lawService.do?OC=chy2803&target=prec&ID=100575&type=HTML&mobileYn=
100584,교통사고처리특례법위반·도로교통법위반,85도775,1985.06.11,대법원,형사,400102,판결,선고,/DRF/lawService.do?OC=chy2803&target=prec&ID=100584&type=HTML&mobileYn=
100580,교통사고처리특례법위반,84도2923,1985.06.11,대법원,형사,400102,판결,선고,/DRF/lawService.do?OC=chy2803&target=prec&ID=100580&type=HTML&mobileYn=
76179,교통사고처리특례법위반등피고사건,85노791,1985.06.07,대구지방법원,형사,400102,제1형사부판결 : 상고,선고,/DRF/lawService.do?OC=chy2803&target=prec&ID=76179&type=HTML&mobileYn=
100458,교통사고처리특례법위반,85도384,1985.05.14,대법원,형사,400102,판결,선고,/DRF/lawService.do?OC=chy2803&target=prec&ID=100458&type=HTML&mobileYn=
100413,교통사고처리특례법위반,85도329,1985.04.23,대법원,형사,400102,판결,선고,/DRF/lawService.do?OC=chy2803&target=prec&ID=100413&type=HTML&mobileYn=
100357,교통사고처리특례법위반,84도2194,1985.04.09,대법원,형사,400102,판결,선고,/DRF/lawService.do?OC=chy2803&target=prec&ID=100357&type=HTML&mobileYn=
100296,교통사고처리특례법위반,85도83,1985.03.26,대법원,형사,400102,판결,선고,/DRF/lawService.do?OC=chy2803&target=prec&ID=100296&type=HTML&mobileYn=
100239,교통사고처리특례법위반·도로교통법위반,84도3031,1985.03.12,대법원,형사,400102,판결,선고,/DRF/lawService.do?OC=chy2803&target=prec&ID=100239&type=HTML&mobileYn=
100234,교통사고처리특례법위반,84도2651,1985.03.12,대법원,형사,400102,판결,선고,/DRF/lawService.do?OC=chy2803&target=prec&ID=100234&type=HTML&mobileYn=
100228,교통사고처리특례법위반,84도864,1985.03.12,대법원,형사,400102,판결,선고,/DRF/lawService.do?OC=chy2803&target=prec&ID=100228&type=HTML&mobileYn=
100174,교통사고처리특례법위반,84도2204,1985.02.26,대법원,형사,400102,판결,선고,/DRF/lawService.do?OC=chy2803&target=prec&ID=100174&type=HTML&mobileYn=
100083,교통사고처리특례법위반ㆍ도로교통법위반,84도1493,1985.01.22,대법원,형사,400102,판결,선고,/DRF/lawService.do?OC=chy2803&target=prec&ID=100083&type=HTML&mobileYn=
76087,교통사고처리특례법위반피고사건,84노5473,1985.01.16,서울형사지방법원,형사,400102,제1부판결 : 확정,선고,/DRF/lawService.do?OC=chy2803&target=prec&ID=76087&type=HTML&mobileYn=
100029,특정범죄가중처벌등에관한법률위반ㆍ교통사고처리특례법위반,84도2229,1984.12.26,대법원,형사,400102,판결,선고,/DRF/lawService.do?OC=chy2803&target=prec&ID=100029&type=HTML&mobileYn=
100037,교통사고처리특례법위반,84도2523,1984.12.26,대법원,형사,400102,판결,선고,/DRF/lawService.do?OC=chy2803&target=prec&ID=100037&type=HTML&mobileYn=
75996,교통사고처리특례법위반피고사건,84노5445,1984.12.19,서울형사지방법원,형사,400102,제1부판결 : 확정,선고,/DRF/lawService.do?OC=chy2803&target=prec&ID=75996&type=HTML&mobileYn=
99917,교통사고처리특례법위반,84도2134,1984.11.27,대법원,형사,400102,판결,선고,/DRF/lawService.do?OC=chy2803&target=prec&ID=99917&type=HTML&mobileYn=
99795,교통사고처리특례법위반,84도1868,1984.10.10,대법원,형사,400102,판결,선고,/DRF/lawService.do?OC=chy2803&target=prec&ID=99795&type=HTML&mobileYn=
99756,교통사고처리특례법위반,84도1695,1984.09.25,대법원,형사,400102,판결,선고,/DRF/lawService.do?OC=chy2803&target=prec&ID=99756&type=HTML&mobileYn=
99505,교통사고처리특례법위반,84도687,1984.07.10,대법원,형사,400102,판결,선고,/DRF/lawService.do?OC=chy2803&target=prec&ID=99505&type=HTML&mobileYn=
99551,교통사고처리특례법위반,84도813,1984.07.10,대법원,형사,400102,판결,선고,/DRF/lawService.do?OC=chy2803&target=prec&ID=99551&type=HTML&mobileYn=
75886,교통사고처리특례법위반등피고사건,84고단2914,1984.07.05,서울형사지방법원,형사,400102,판결 : 항소,선고,/DRF/lawService.do?OC=chy2803&target=prec&ID=75886&type=HTML&mobileYn=
99499,교통사고처리특례법위반ㆍ도로교통법,84도981,1984.06.26,대법원,형사,400102,판결,선고,/DRF/lawService.do?OC=chy2803&target=prec&ID=99499&type=HTML&mobileYn=
75791,교통사고처리특례법위반등피고사건,84고단1070,1984.06.14,수원지방법원,형사,400102,판결 : 항소,선고,/DRF/lawService.do?OC=chy2803&target=prec&ID=75791&type=HTML&mobileYn=
75789,교통사고처리특례법위반피고사건,84고단141,1984.05.02,전주지방법원군산지원,형사,400102,판결 : 확정,선고,/DRF/lawService.do?OC=chy2803&target=prec&ID=75789&type=HTML&mobileYn=
99191,교통사고처리특례법위반,84도240,1984.04.24,대법원,형사,400102,판결,선고,/DRF/lawService.do?OC=chy2803&target=prec&ID=99191&type=HTML&mobileYn=
99189,교통사고처리특례법위반·도로교통법위반,84도185,1984.04.24,대법원,형사,400102,판결,선고,/DRF/lawService.do?OC=chy2803&target=prec&ID=99189&type=HTML&mobileYn=
75779,교통사고처리특례법위반피고사건,84노95,1984.04.20,부산지방법원,형사,400102,제2형사부판결 : 상고,선고,/DRF/lawService.do?OC=chy2803&target=prec&ID=75779&type=HTML&mobileYn=
99111,교통사고처리특례법위반ㆍ도로교통법위반,84도223,1984.04.10,대법원,형사,400102,판결,선고,/DRF/lawService.do?OC=chy2803&target=prec&ID=99111&type=HTML&mobileYn=
99099,교통사고처리특례법위반ㆍ도로교통법위반,83도938,1984.04.10,대법원,형사,400102,판결,선고,/DRF/lawService.do?OC=chy2803&target=prec&ID=99099&type=HTML&mobileYn=
99177,교통사고처리특례법위반,84도79,1984.04.10,대법원,형사,400102,판결,선고,/DRF/lawService.do?OC=chy2803&target=prec&ID=99177&type=HTML&mobileYn=
99040,교통사고처리특례법위반,84도193,1984.03.27,대법원,형사,400102,판결,선고,/DRF/lawService.do?OC=chy2803&target=prec&ID=99040&type=HTML&mobileYn=
99039,교통사고처리특례법위반,84도182,1984.03.27,대법원,형사,400102,판결,선고,/DRF/lawService.do?OC=chy2803&target=prec&ID=99039&type=HTML&mobileYn=
98947,교통사고처리특례법위반,82도3136,1984.03.13,대법원,형사,400102,판결,선고,/DRF/lawService.do?OC=chy2803&target=prec&ID=98947&type=HTML&mobileYn=
99028,교통사고처리특례법위반ㆍ업무상과실자동차파괴,83도3006,1984.03.13,대법원,형사,400102,판결,선고,/DRF/lawService.do?OC=chy2803&target=prec&ID=99028&type=HTML&mobileYn=
98772,교통사고처리특례법위반,83도3086,1984.02.14,대법원,형사,400102,판결,선고,/DRF/lawService.do?OC=chy2803&target=prec&ID=98772&type=HTML&mobileYn=
98616,교통사고처리특례법위반,83도2719,1983.12.27,대법원,형사,400102,판결,선고,/DRF/lawService.do?OC=chy2803&target=prec&ID=98616&type=HTML&mobileYn=
98563,교통사고처리특례법위반,83도2676,1983.12.13,대법원,형사,400102,판결,선고,/DRF/lawService.do?OC=chy2803&target=prec&ID=98563&type=HTML&mobileYn=
98231,도로교통법위반·교통사고처리특례법위반·무고,83도977,1983.09.27,대법원,형사,400102,판결,선고,/DRF/lawService.do?OC=chy2803&target=prec&ID=98231&type=HTML&mobileYn=
98140,교통사고처리특례법위반,83도1052,1983.09.13,대법원,형사,400102,판결,선고,/DRF/lawService.do?OC=chy2803&target=prec&ID=98140&type=HTML&mobileYn=
98073,특정범죄가중처벌등에관한법률위반(도주차량)·교통사고처리특례법위반,83도1328,1983.08.23,대법원,형사,400102,판결,선고,/DRF/lawService.do?OC=chy2803&target=prec&ID=98073&type=HTML&mobileYn=
98072,교통사고처리특례법위반·도로교통법위반,83도1288,1983.08.23,대법원,형사,400102,판결,선고,/DRF/lawService.do?OC=chy2803&target=prec&ID=98072&type=HTML&mobileYn=
97873,교통사고처리특례법위반,83도1296,1983.07.12,대법원,형사,400102,판결,선고,/DRF/lawService.do?OC=chy2803&target=prec&ID=97873&type=HTML&mobileYn=
97721,교통사고처리특례법위반,83도893,1983.05.24,대법원,형사,400102,판결,선고,/DRF/lawService.do?OC=chy2803&target=prec&ID=97721&type=HTML&mobileYn=
97668,교통사고처리특례법위반·도로교통법위반,83도632,1983.05.10,대법원,형사,400102,판결,선고,/DRF/lawService.do?OC=chy2803&target=prec&ID=97668&type=HTML&mobileYn=
97608,"보호감호(폭력행위등처벌에관한법률위반,도로교통법위반,교통사고처리특례법위반)",83감도75,1983.04.26,대법원,형사,400102,판결,선고,/DRF/lawService.do?OC=chy2803&target=prec&ID=97608&type=HTML&mobileYn=
97284,교통사고처리특례법위반,82도2860,1983.02.08,대법원,형사,400102,판결,선고,/DRF/lawService.do?OC=chy2803&target=prec&ID=97284&type=HTML&mobileYn=
